ID_EMPRESTIMO,GENERO,ESTADO_CIVIL,QTD_DEPENDENTES,ESCOLARIDADE,TRABALHADOR_AUTONOMO,RENDA_MUTUARIO,RENDA_CO-MUTUARIO,QUANTIA_EMPRESTIMO,PRAZO_EMPRESTIMO,HISTORICO_CREDITO,TIPO_IMOVEL,STATUS_EMPRESTIMO
LP001002,Masculino,Solteiro,0,Ensino Superior,Não,5849,0,,360,1,Urbano,Sim
LP001003,Masculino,Casado,1,Ensino Superior,Não,4583,1508,128,360,1,Rural,Não
LP001005,Masculino,Casado,0,Ensino Superior,Sim,3000,0,66,360,1,Urbano,Sim
LP001006,Masculino,Casado,0,Ensino Médio,Não,2583,2358,120,360,1,Urbano,Sim
LP001008,Masculino,Solteiro,0,Ensino Superior,Não,6000,0,141,360,1,Urbano,Sim
LP001011,Masculino,Casado,2,Ensino Superior,Sim,5417,4196,267,360,1,Urbano,Sim
LP001013,Masculino,Casado,0,Ensino Médio,Não,2333,1516,95,360,1,Urbano,Sim
LP001014,Masculino,Casado,3+,Ensino Superior,Não,3036,2504,158,360,0,Semiurbano,Não
LP001018,Masculino,Casado,2,Ensino Superior,Não,4006,1526,168,360,1,Urbano,Sim
LP001020,Masculino,Casado,1,Ensino Superior,Não,12841,10968,349,360,1,Semiurbano,Não
LP001024,Masculino,Casado,2,Ensino Superior,Não,3200,700,70,360,1,Urbano,Sim
LP001027,Masculino,Casado,2,Ensino Superior,,2500,1840,109,360,1,Urbano,Sim
LP001028,Masculino,Casado,2,Ensino Superior,Não,3073,8106,200,360,1,Urbano,Sim
LP001029,Masculino,Solteiro,0,Ensino Superior,Não,1853,2840,114,360,1,Rural,Não
LP001030,Masculino,Casado,2,Ensino Superior,Não,1299,1086,17,120,1,Urbano,Sim
LP001032,Masculino,Solteiro,0,Ensino Superior,Não,4950,0,125,360,1,Urbano,Sim
LP001034,Masculino,Solteiro,1,Ensino Médio,Não,3596,0,100,240,,Urbano,Sim
LP001036,Feminino,Solteiro,0,Ensino Superior,Não,3510,0,76,360,0,Urbano,Não
LP001038,Masculino,Casado,0,Ensino Médio,Não,4887,0,133,360,1,Rural,Não
LP001041,Masculino,Casado,0,Ensino Superior,,2600,3500,115,,1,Urbano,Sim
LP001043,Masculino,Casado,0,Ensino Médio,Não,7660,0,104,360,0,Urbano,Não
LP001046,Masculino,Casado,1,Ensino Superior,Não,5955,5625,315,360,1,Urbano,Sim
LP001047,Masculino,Casado,0,Ensino Médio,Não,2600,1911,116,360,0,Semiurbano,Não
LP001050,,Casado,2,Ensino Médio,Não,3365,1917,112,360,0,Rural,Não
LP001052,Masculino,Casado,1,Ensino Superior,,3717,2925,151,360,,Semiurbano,Não
LP001066,Masculino,Casado,0,Ensino Superior,Sim,9560,0,191,360,1,Semiurbano,Sim
LP001068,Masculino,Casado,0,Ensino Superior,Não,2799,2253,122,360,1,Semiurbano,Sim
LP001073,Masculino,Casado,2,Ensino Médio,Não,4226,1040,110,360,1,Urbano,Sim
LP001086,Masculino,Solteiro,0,Ensino Médio,Não,1442,0,35,360,1,Urbano,Não
LP001087,Feminino,Solteiro,2,Ensino Superior,,3750,2083,120,360,1,Semiurbano,Sim
LP001091,Masculino,Casado,1,Ensino Superior,,4166,3369,201,360,,Urbano,Não
LP001095,Masculino,Solteiro,0,Ensino Superior,Não,3167,0,74,360,1,Urbano,Não
LP001097,Masculino,Solteiro,1,Ensino Superior,Sim,4692,0,106,360,1,Rural,Não
LP001098,Masculino,Casado,0,Ensino Superior,Não,3500,1667,114,360,1,Semiurbano,Sim
LP001100,Masculino,Solteiro,3+,Ensino Superior,Não,12500,3000,320,360,1,Rural,Não
LP001106,Masculino,Casado,0,Ensino Superior,Não,2275,2067,,360,1,Urbano,Sim
LP001109,Masculino,Casado,0,Ensino Superior,Não,1828,1330,100,,0,Urbano,Não
LP001112,Feminino,Casado,0,Ensino Superior,Não,3667,1459,144,360,1,Semiurbano,Sim
LP001114,Masculino,Solteiro,0,Ensino Superior,Não,4166,7210,184,360,1,Urbano,Sim
LP001116,Masculino,Solteiro,0,Ensino Médio,Não,3748,1668,110,360,1,Semiurbano,Sim
LP001119,Masculino,Solteiro,0,Ensino Superior,Não,3600,0,80,360,1,Urbano,Não
LP001120,Masculino,Solteiro,0,Ensino Superior,Não,1800,1213,47,360,1,Urbano,Sim
LP001123,Masculino,Casado,0,Ensino Superior,Não,2400,0,75,360,,Urbano,Sim
LP001131,Masculino,Casado,0,Ensino Superior,Não,3941,2336,134,360,1,Semiurbano,Sim
LP001136,Masculino,Casado,0,Ensino Médio,Sim,4695,0,96,,1,Urbano,Sim
LP001137,Feminino,Solteiro,0,Ensino Superior,Não,3410,0,88,,1,Urbano,Sim
LP001138,Masculino,Casado,1,Ensino Superior,Não,5649,0,44,360,1,Urbano,Sim
LP001144,Masculino,Casado,0,Ensino Superior,Não,5821,0,144,360,1,Urbano,Sim
LP001146,Feminino,Casado,0,Ensino Superior,Não,2645,3440,120,360,0,Urbano,Não
LP001151,Feminino,Solteiro,0,Ensino Superior,Não,4000,2275,144,360,1,Semiurbano,Sim
LP001155,Feminino,Casado,0,Ensino Médio,Não,1928,1644,100,360,1,Semiurbano,Sim
LP001157,Feminino,Solteiro,0,Ensino Superior,Não,3086,0,120,360,1,Semiurbano,Sim
LP001164,Feminino,Solteiro,0,Ensino Superior,Não,4230,0,112,360,1,Semiurbano,Não
LP001179,Masculino,Casado,2,Ensino Superior,Não,4616,0,134,360,1,Urbano,Não
LP001186,Feminino,Casado,1,Ensino Superior,Sim,11500,0,286,360,0,Urbano,Não
LP001194,Masculino,Casado,2,Ensino Superior,Não,2708,1167,97,360,1,Semiurbano,Sim
LP001195,Masculino,Casado,0,Ensino Superior,Não,2132,1591,96,360,1,Semiurbano,Sim
LP001197,Masculino,Casado,0,Ensino Superior,Não,3366,2200,135,360,1,Rural,Não
LP001198,Masculino,Casado,1,Ensino Superior,Não,8080,2250,180,360,1,Urbano,Sim
LP001199,Masculino,Casado,2,Ensino Médio,Não,3357,2859,144,360,1,Urbano,Sim
LP001205,Masculino,Casado,0,Ensino Superior,Não,2500,3796,120,360,1,Urbano,Sim
LP001206,Masculino,Casado,3+,Ensino Superior,Não,3029,0,99,360,1,Urbano,Sim
LP001207,Masculino,Casado,0,Ensino Médio,Sim,2609,3449,165,180,0,Rural,Não
LP001213,Masculino,Casado,1,Ensino Superior,Não,4945,0,,360,0,Rural,Não
LP001222,Feminino,Solteiro,0,Ensino Superior,Não,4166,0,116,360,0,Semiurbano,Não
LP001225,Masculino,Casado,0,Ensino Superior,Não,5726,4595,258,360,1,Semiurbano,Não
LP001228,Masculino,Solteiro,0,Ensino Médio,Não,3200,2254,126,180,0,Urbano,Não
LP001233,Masculino,Casado,1,Ensino Superior,Não,10750,0,312,360,1,Urbano,Sim
LP001238,Masculino,Casado,3+,Ensino Médio,Sim,7100,0,125,60,1,Urbano,Sim
LP001241,Feminino,Solteiro,0,Ensino Superior,Não,4300,0,136,360,0,Semiurbano,Não
LP001243,Masculino,Casado,0,Ensino Superior,Não,3208,3066,172,360,1,Urbano,Sim
LP001245,Masculino,Casado,2,Ensino Médio,Sim,1875,1875,97,360,1,Semiurbano,Sim
LP001248,Masculino,Solteiro,0,Ensino Superior,Não,3500,0,81,300,1,Semiurbano,Sim
LP001250,Masculino,Casado,3+,Ensino Médio,Não,4755,0,95,,0,Semiurbano,Não
LP001253,Masculino,Casado,3+,Ensino Superior,Sim,5266,1774,187,360,1,Semiurbano,Sim
LP001255,Masculino,Solteiro,0,Ensino Superior,Não,3750,0,113,480,1,Urbano,Não
LP001256,Masculino,Solteiro,0,Ensino Superior,Não,3750,4750,176,360,1,Urbano,Não
LP001259,Masculino,Casado,1,Ensino Superior,Sim,1000,3022,110,360,1,Urbano,Não
LP001263,Masculino,Casado,3+,Ensino Superior,Não,3167,4000,180,300,0,Semiurbano,Não
LP001264,Masculino,Casado,3+,Ensino Médio,Sim,3333,2166,130,360,,Semiurbano,Sim
LP001265,Feminino,Solteiro,0,Ensino Superior,Não,3846,0,111,360,1,Semiurbano,Sim
LP001266,Masculino,Casado,1,Ensino Superior,Sim,2395,0,,360,1,Semiurbano,Sim
LP001267,Feminino,Casado,2,Ensino Superior,Não,1378,1881,167,360,1,Urbano,Não
LP001273,Masculino,Casado,0,Ensino Superior,Não,6000,2250,265,360,,Semiurbano,Não
LP001275,Masculino,Casado,1,Ensino Superior,Não,3988,0,50,240,1,Urbano,Sim
LP001279,Masculino,Solteiro,0,Ensino Superior,Não,2366,2531,136,360,1,Semiurbano,Sim
LP001280,Masculino,Casado,2,Ensino Médio,Não,3333,2000,99,360,,Semiurbano,Sim
LP001282,Masculino,Casado,0,Ensino Superior,Não,2500,2118,104,360,1,Semiurbano,Sim
LP001289,Masculino,Solteiro,0,Ensino Superior,Não,8566,0,210,360,1,Urbano,Sim
LP001310,Masculino,Casado,0,Ensino Superior,Não,5695,4167,175,360,1,Semiurbano,Sim
LP001316,Masculino,Casado,0,Ensino Superior,Não,2958,2900,131,360,1,Semiurbano,Sim
LP001318,Masculino,Casado,2,Ensino Superior,Não,6250,5654,188,180,1,Semiurbano,Sim
LP001319,Masculino,Casado,2,Ensino Médio,Não,3273,1820,81,360,1,Urbano,Sim
LP001322,Masculino,Solteiro,0,Ensino Superior,Não,4133,0,122,360,1,Semiurbano,Sim
LP001325,Masculino,Solteiro,0,Ensino Médio,Não,3620,0,25,120,1,Semiurbano,Sim
LP001326,Masculino,Solteiro,0,Ensino Superior,,6782,0,,360,,Urbano,Não
LP001327,Feminino,Casado,0,Ensino Superior,Não,2484,2302,137,360,1,Semiurbano,Sim
LP001333,Masculino,Casado,0,Ensino Superior,Não,1977,997,50,360,1,Semiurbano,Sim
LP001334,Masculino,Casado,0,Ensino Médio,Não,4188,0,115,180,1,Semiurbano,Sim
LP001343,Masculino,Casado,0,Ensino Superior,Não,1759,3541,131,360,1,Semiurbano,Sim
LP001345,Masculino,Casado,2,Ensino Médio,Não,4288,3263,133,180,1,Urbano,Sim
LP001349,Masculino,Solteiro,0,Ensino Superior,Não,4843,3806,151,360,1,Semiurbano,Sim
LP001350,Masculino,Casado,,Ensino Superior,Não,13650,0,,360,1,Urbano,Sim
LP001356,Masculino,Casado,0,Ensino Superior,Não,4652,3583,,360,1,Semiurbano,Sim
LP001357,Masculino,,,Ensino Superior,Não,3816,754,160,360,1,Urbano,Sim
LP001367,Masculino,Casado,1,Ensino Superior,Não,3052,1030,100,360,1,Urbano,Sim
LP001369,Masculino,Casado,2,Ensino Superior,Não,11417,1126,225,360,1,Urbano,Sim
LP001370,Masculino,Solteiro,0,Ensino Médio,,7333,0,120,360,1,Rural,Não
LP001379,Masculino,Casado,2,Ensino Superior,Não,3800,3600,216,360,0,Urbano,Não
LP001384,Masculino,Casado,3+,Ensino Médio,Não,2071,754,94,480,1,Semiurbano,Sim
LP001385,Masculino,Solteiro,0,Ensino Superior,Não,5316,0,136,360,1,Urbano,Sim
LP001387,Feminino,Casado,0,Ensino Superior,,2929,2333,139,360,1,Semiurbano,Sim
LP001391,Masculino,Casado,0,Ensino Médio,Não,3572,4114,152,,0,Rural,Não
LP001392,Feminino,Solteiro,1,Ensino Superior,Sim,7451,0,,360,1,Semiurbano,Sim
LP001398,Masculino,Solteiro,0,Ensino Superior,,5050,0,118,360,1,Semiurbano,Sim
LP001401,Masculino,Casado,1,Ensino Superior,Não,14583,0,185,180,1,Rural,Sim
LP001404,Feminino,Casado,0,Ensino Superior,Não,3167,2283,154,360,1,Semiurbano,Sim
LP001405,Masculino,Casado,1,Ensino Superior,Não,2214,1398,85,360,,Urbano,Sim
LP001421,Masculino,Casado,0,Ensino Superior,Não,5568,2142,175,360,1,Rural,Não
LP001422,Feminino,Solteiro,0,Ensino Superior,Não,10408,0,259,360,1,Urbano,Sim
LP001426,Masculino,Casado,,Ensino Superior,Não,5667,2667,180,360,1,Rural,Sim
LP001430,Feminino,Solteiro,0,Ensino Superior,Não,4166,0,44,360,1,Semiurbano,Sim
LP001431,Feminino,Solteiro,0,Ensino Superior,Não,2137,8980,137,360,0,Semiurbano,Sim
LP001432,Masculino,Casado,2,Ensino Superior,Não,2957,0,81,360,1,Semiurbano,Sim
LP001439,Masculino,Casado,0,Ensino Médio,Não,4300,2014,194,360,1,Rural,Sim
LP001443,Feminino,Solteiro,0,Ensino Superior,Não,3692,0,93,360,,Rural,Sim
LP001448,,Casado,3+,Ensino Superior,Não,23803,0,370,360,1,Rural,Sim
LP001449,Masculino,Solteiro,0,Ensino Superior,Não,3865,1640,,360,1,Rural,Sim
LP001451,Masculino,Casado,1,Ensino Superior,Sim,10513,3850,160,180,0,Urbano,Não
LP001465,Masculino,Casado,0,Ensino Superior,Não,6080,2569,182,360,,Rural,Não
LP001469,Masculino,Solteiro,0,Ensino Superior,Sim,20166,0,650,480,,Urbano,Sim
LP001473,Masculino,Solteiro,0,Ensino Superior,Não,2014,1929,74,360,1,Urbano,Sim
LP001478,Masculino,Solteiro,0,Ensino Superior,Não,2718,0,70,360,1,Semiurbano,Sim
LP001482,Masculino,Casado,0,Ensino Superior,Sim,3459,0,25,120,1,Semiurbano,Sim
LP001487,Masculino,Solteiro,0,Ensino Superior,Não,4895,0,102,360,1,Semiurbano,Sim
LP001488,Masculino,Casado,3+,Ensino Superior,Não,4000,7750,290,360,1,Semiurbano,Não
LP001489,Feminino,Casado,0,Ensino Superior,Não,4583,0,84,360,1,Rural,Não
LP001491,Masculino,Casado,2,Ensino Superior,Sim,3316,3500,88,360,1,Urbano,Sim
LP001492,Masculino,Solteiro,0,Ensino Superior,Não,14999,0,242,360,0,Semiurbano,Não
LP001493,Masculino,Casado,2,Ensino Médio,Não,4200,1430,129,360,1,Rural,Não
LP001497,Masculino,Casado,2,Ensino Superior,Não,5042,2083,185,360,1,Rural,Não
LP001498,Masculino,Solteiro,0,Ensino Superior,Não,5417,0,168,360,1,Urbano,Sim
LP001504,Masculino,Solteiro,0,Ensino Superior,Sim,6950,0,175,180,1,Semiurbano,Sim
LP001507,Masculino,Casado,0,Ensino Superior,Não,2698,2034,122,360,1,Semiurbano,Sim
LP001508,Masculino,Casado,2,Ensino Superior,Não,11757,0,187,180,1,Urbano,Sim
LP001514,Feminino,Casado,0,Ensino Superior,Não,2330,4486,100,360,1,Semiurbano,Sim
LP001516,Feminino,Casado,2,Ensino Superior,Não,14866,0,70,360,1,Urbano,Sim
LP001518,Masculino,Casado,1,Ensino Superior,Não,1538,1425,30,360,1,Urbano,Sim
LP001519,Feminino,Solteiro,0,Ensino Superior,Não,10000,1666,225,360,1,Rural,Não
LP001520,Masculino,Casado,0,Ensino Superior,Não,4860,830,125,360,1,Semiurbano,Sim
LP001528,Masculino,Solteiro,0,Ensino Superior,Não,6277,0,118,360,0,Rural,Não
LP001529,Masculino,Casado,0,Ensino Superior,Sim,2577,3750,152,360,1,Rural,Sim
LP001531,Masculino,Solteiro,0,Ensino Superior,Não,9166,0,244,360,1,Urbano,Não
LP001532,Masculino,Casado,2,Ensino Médio,Não,2281,0,113,360,1,Rural,Não
LP001535,Masculino,Solteiro,0,Ensino Superior,Não,3254,0,50,360,1,Urbano,Sim
LP001536,Masculino,Casado,3+,Ensino Superior,Não,39999,0,600,180,0,Semiurbano,Sim
LP001541,Masculino,Casado,1,Ensino Superior,Não,6000,0,160,360,,Rural,Sim
LP001543,Masculino,Casado,1,Ensino Superior,Não,9538,0,187,360,1,Urbano,Sim
LP001546,Masculino,Solteiro,0,Ensino Superior,,2980,2083,120,360,1,Rural,Sim
LP001552,Masculino,Casado,0,Ensino Superior,Não,4583,5625,255,360,1,Semiurbano,Sim
LP001560,Masculino,Casado,0,Ensino Médio,Não,1863,1041,98,360,1,Semiurbano,Sim
LP001562,Masculino,Casado,0,Ensino Superior,Não,7933,0,275,360,1,Urbano,Não
LP001565,Masculino,Casado,1,Ensino Superior,Não,3089,1280,121,360,0,Semiurbano,Não
LP001570,Masculino,Casado,2,Ensino Superior,Não,4167,1447,158,360,1,Rural,Sim
LP001572,Masculino,Casado,0,Ensino Superior,Não,9323,0,75,180,1,Urbano,Sim
LP001574,Masculino,Casado,0,Ensino Superior,Não,3707,3166,182,,1,Rural,Sim
LP001577,Feminino,Casado,0,Ensino Superior,Não,4583,0,112,360,1,Rural,Não
LP001578,Masculino,Casado,0,Ensino Superior,Não,2439,3333,129,360,1,Rural,Sim
LP001579,Masculino,Solteiro,0,Ensino Superior,Não,2237,0,63,480,0,Semiurbano,Não
LP001580,Masculino,Casado,2,Ensino Superior,Não,8000,0,200,360,1,Semiurbano,Sim
LP001581,Masculino,Casado,0,Ensino Médio,,1820,1769,95,360,1,Rural,Sim
LP001585,,Casado,3+,Ensino Superior,Não,51763,0,700,300,1,Urbano,Sim
LP001586,Masculino,Casado,3+,Ensino Médio,Não,3522,0,81,180,1,Rural,Não
LP001594,Masculino,Casado,0,Ensino Superior,Não,5708,5625,187,360,1,Semiurbano,Sim
LP001603,Masculino,Casado,0,Ensino Médio,Sim,4344,736,87,360,1,Semiurbano,Não
LP001606,Masculino,Casado,0,Ensino Superior,Não,3497,1964,116,360,1,Rural,Sim
LP001608,Masculino,Casado,2,Ensino Superior,Não,2045,1619,101,360,1,Rural,Sim
LP001610,Masculino,Casado,3+,Ensino Superior,Não,5516,11300,495,360,0,Semiurbano,Não
LP001616,Masculino,Casado,1,Ensino Superior,Não,3750,0,116,360,1,Semiurbano,Sim
LP001630,Masculino,Solteiro,0,Ensino Médio,Não,2333,1451,102,480,0,Urbano,Não
LP001633,Masculino,Casado,1,Ensino Superior,Não,6400,7250,180,360,0,Urbano,Não
LP001634,Masculino,Solteiro,0,Ensino Superior,Não,1916,5063,67,360,,Rural,Não
LP001636,Masculino,Casado,0,Ensino Superior,Não,4600,0,73,180,1,Semiurbano,Sim
LP001637,Masculino,Casado,1,Ensino Superior,Não,33846,0,260,360,1,Semiurbano,Não
LP001639,Feminino,Casado,0,Ensino Superior,Não,3625,0,108,360,1,Semiurbano,Sim
LP001640,Masculino,Casado,0,Ensino Superior,Sim,39147,4750,120,360,1,Semiurbano,Sim
LP001641,Masculino,Casado,1,Ensino Superior,Sim,2178,0,66,300,0,Rural,Não
LP001643,Masculino,Casado,0,Ensino Superior,Não,2383,2138,58,360,,Rural,Sim
LP001644,,Casado,0,Ensino Superior,Sim,674,5296,168,360,1,Rural,Sim
LP001647,Masculino,Casado,0,Ensino Superior,Não,9328,0,188,180,1,Rural,Sim
LP001653,Masculino,Solteiro,0,Ensino Médio,Não,4885,0,48,360,1,Rural,Sim
LP001656,Masculino,Solteiro,0,Ensino Superior,Não,12000,0,164,360,1,Semiurbano,Não
LP001657,Masculino,Casado,0,Ensino Médio,Não,6033,0,160,360,1,Urbano,Não
LP001658,Masculino,Solteiro,0,Ensino Superior,Não,3858,0,76,360,1,Semiurbano,Sim
LP001664,Masculino,Solteiro,0,Ensino Superior,Não,4191,0,120,360,1,Rural,Sim
LP001665,Masculino,Casado,1,Ensino Superior,Não,3125,2583,170,360,1,Semiurbano,Não
LP001666,Masculino,Solteiro,0,Ensino Superior,Não,8333,3750,187,360,1,Rural,Sim
LP001669,Feminino,Solteiro,0,Ensino Médio,Não,1907,2365,120,,1,Urbano,Sim
LP001671,Feminino,Casado,0,Ensino Superior,Não,3416,2816,113,360,,Semiurbano,Sim
LP001673,Masculino,Solteiro,0,Ensino Superior,Sim,11000,0,83,360,1,Urbano,Não
LP001674,Masculino,Casado,1,Ensino Médio,Não,2600,2500,90,360,1,Semiurbano,Sim
LP001677,Masculino,Solteiro,2,Ensino Superior,Não,4923,0,166,360,0,Semiurbano,Sim
LP001682,Masculino,Casado,3+,Ensino Médio,Não,3992,0,,180,1,Urbano,Não
LP001688,Masculino,Casado,1,Ensino Médio,Não,3500,1083,135,360,1,Urbano,Sim
LP001691,Masculino,Casado,2,Ensino Médio,Não,3917,0,124,360,1,Semiurbano,Sim
LP001692,Feminino,Solteiro,0,Ensino Médio,Não,4408,0,120,360,1,Semiurbano,Sim
LP001693,Feminino,Solteiro,0,Ensino Superior,Não,3244,0,80,360,1,Urbano,Sim
LP001698,Masculino,Solteiro,0,Ensino Médio,Não,3975,2531,55,360,1,Rural,Sim
LP001699,Masculino,Solteiro,0,Ensino Superior,Não,2479,0,59,360,1,Urbano,Sim
LP001702,Masculino,Solteiro,0,Ensino Superior,Não,3418,0,127,360,1,Semiurbano,Não
LP001708,Feminino,Solteiro,0,Ensino Superior,Não,10000,0,214,360,1,Semiurbano,Não
LP001711,Masculino,Casado,3+,Ensino Superior,Não,3430,1250,128,360,0,Semiurbano,Não
LP001713,Masculino,Casado,1,Ensino Superior,Sim,7787,0,240,360,1,Urbano,Sim
LP001715,Masculino,Casado,3+,Ensino Médio,Sim,5703,0,130,360,1,Rural,Sim
LP001716,Masculino,Casado,0,Ensino Superior,Não,3173,3021,137,360,1,Urbano,Sim
LP001720,Masculino,Casado,3+,Ensino Médio,Não,3850,983,100,360,1,Semiurbano,Sim
LP001722,Masculino,Casado,0,Ensino Superior,Não,150,1800,135,360,1,Rural,Não
LP001726,Masculino,Casado,0,Ensino Superior,Não,3727,1775,131,360,1,Semiurbano,Sim
LP001732,Masculino,Casado,2,Ensino Superior,,5000,0,72,360,0,Semiurbano,Não
LP001734,Feminino,Casado,2,Ensino Superior,Não,4283,2383,127,360,,Semiurbano,Sim
LP001736,Masculino,Casado,0,Ensino Superior,Não,2221,0,60,360,0,Urbano,Não
LP001743,Masculino,Casado,2,Ensino Superior,Não,4009,1717,116,360,1,Semiurbano,Sim
LP001744,Masculino,Solteiro,0,Ensino Superior,Não,2971,2791,144,360,1,Semiurbano,Sim
LP001749,Masculino,Casado,0,Ensino Superior,Não,7578,1010,175,,1,Semiurbano,Sim
LP001750,Masculino,Casado,0,Ensino Superior,Não,6250,0,128,360,1,Semiurbano,Sim
LP001751,Masculino,Casado,0,Ensino Superior,Não,3250,0,170,360,1,Rural,Não
LP001754,Masculino,Casado,,Ensino Médio,Sim,4735,0,138,360,1,Urbano,Não
LP001758,Masculino,Casado,2,Ensino Superior,Não,6250,1695,210,360,1,Semiurbano,Sim
LP001760,Masculino,,,Ensino Superior,Não,4758,0,158,480,1,Semiurbano,Sim
LP001761,Masculino,Solteiro,0,Ensino Superior,Sim,6400,0,200,360,1,Rural,Sim
LP001765,Masculino,Casado,1,Ensino Superior,Não,2491,2054,104,360,1,Semiurbano,Sim
LP001768,Masculino,Casado,0,Ensino Superior,,3716,0,42,180,1,Rural,Sim
LP001770,Masculino,Solteiro,0,Ensino Médio,Não,3189,2598,120,,1,Rural,Sim
LP001776,Feminino,Solteiro,0,Ensino Superior,Não,8333,0,280,360,1,Semiurbano,Sim
LP001778,Masculino,Casado,1,Ensino Superior,Não,3155,1779,140,360,1,Semiurbano,Sim
LP001784,Masculino,Casado,1,Ensino Superior,Não,5500,1260,170,360,1,Rural,Sim
LP001786,Masculino,Casado,0,Ensino Superior,,5746,0,255,360,,Urbano,Não
LP001788,Feminino,Solteiro,0,Ensino Superior,Sim,3463,0,122,360,,Urbano,Sim
LP001790,Feminino,Solteiro,1,Ensino Superior,Não,3812,0,112,360,1,Rural,Sim
LP001792,Masculino,Casado,1,Ensino Superior,Não,3315,0,96,360,1,Semiurbano,Sim
LP001798,Masculino,Casado,2,Ensino Superior,Não,5819,5000,120,360,1,Rural,Sim
LP001800,Masculino,Casado,1,Ensino Médio,Não,2510,1983,140,180,1,Urbano,Não
LP001806,Masculino,Solteiro,0,Ensino Superior,Não,2965,5701,155,60,1,Urbano,Sim
LP001807,Masculino,Casado,2,Ensino Superior,Sim,6250,1300,108,360,1,Rural,Sim
LP001811,Masculino,Casado,0,Ensino Médio,Não,3406,4417,123,360,1,Semiurbano,Sim
LP001813,Masculino,Solteiro,0,Ensino Superior,Sim,6050,4333,120,180,1,Urbano,Não
LP001814,Masculino,Casado,2,Ensino Superior,Não,9703,0,112,360,1,Urbano,Sim
LP001819,Masculino,Casado,1,Ensino Médio,Não,6608,0,137,180,1,Urbano,Sim
LP001824,Masculino,Casado,1,Ensino Superior,Não,2882,1843,123,480,1,Semiurbano,Sim
LP001825,Masculino,Casado,0,Ensino Superior,Não,1809,1868,90,360,1,Urbano,Sim
LP001835,Masculino,Casado,0,Ensino Médio,Não,1668,3890,201,360,0,Semiurbano,Não
LP001836,Feminino,Solteiro,2,Ensino Superior,Não,3427,0,138,360,1,Urbano,Não
LP001841,Masculino,Solteiro,0,Ensino Médio,Sim,2583,2167,104,360,1,Rural,Sim
LP001843,Masculino,Casado,1,Ensino Médio,Não,2661,7101,279,180,1,Semiurbano,Sim
LP001844,Masculino,Solteiro,0,Ensino Superior,Sim,16250,0,192,360,0,Urbano,Não
LP001846,Feminino,Solteiro,3+,Ensino Superior,Não,3083,0,255,360,1,Rural,Sim
LP001849,Masculino,Solteiro,0,Ensino Médio,Não,6045,0,115,360,0,Rural,Não
LP001854,Masculino,Casado,3+,Ensino Superior,Não,5250,0,94,360,1,Urbano,Não
LP001859,Masculino,Casado,0,Ensino Superior,Não,14683,2100,304,360,1,Rural,Não
LP001864,Masculino,Casado,3+,Ensino Médio,Não,4931,0,128,360,,Semiurbano,Não
LP001865,Masculino,Casado,1,Ensino Superior,Não,6083,4250,330,360,,Urbano,Sim
LP001868,Masculino,Solteiro,0,Ensino Superior,Não,2060,2209,134,360,1,Semiurbano,Sim
LP001870,Feminino,Solteiro,1,Ensino Superior,Não,3481,0,155,36,1,Semiurbano,Não
LP001871,Feminino,Solteiro,0,Ensino Superior,Não,7200,0,120,360,1,Rural,Sim
LP001872,Masculino,Solteiro,0,Ensino Superior,Sim,5166,0,128,360,1,Semiurbano,Sim
LP001875,Masculino,Solteiro,0,Ensino Superior,Não,4095,3447,151,360,1,Rural,Sim
LP001877,Masculino,Casado,2,Ensino Superior,Não,4708,1387,150,360,1,Semiurbano,Sim
LP001882,Masculino,Casado,3+,Ensino Superior,Não,4333,1811,160,360,0,Urbano,Sim
LP001883,Feminino,Solteiro,0,Ensino Superior,,3418,0,135,360,1,Rural,Não
LP001884,Feminino,Solteiro,1,Ensino Superior,Não,2876,1560,90,360,1,Urbano,Sim
LP001888,Feminino,Solteiro,0,Ensino Superior,Não,3237,0,30,360,1,Urbano,Sim
LP001891,Masculino,Casado,0,Ensino Superior,Não,11146,0,136,360,1,Urbano,Sim
LP001892,Masculino,Solteiro,0,Ensino Superior,Não,2833,1857,126,360,1,Rural,Sim
LP001894,Masculino,Casado,0,Ensino Superior,Não,2620,2223,150,360,1,Semiurbano,Sim
LP001896,Masculino,Casado,2,Ensino Superior,Não,3900,0,90,360,1,Semiurbano,Sim
LP001900,Masculino,Casado,1,Ensino Superior,Não,2750,1842,115,360,1,Semiurbano,Sim
LP001903,Masculino,Casado,0,Ensino Superior,Não,3993,3274,207,360,1,Semiurbano,Sim
LP001904,Masculino,Casado,0,Ensino Superior,Não,3103,1300,80,360,1,Urbano,Sim
LP001907,Masculino,Casado,0,Ensino Superior,Não,14583,0,436,360,1,Semiurbano,Sim
LP001908,Feminino,Casado,0,Ensino Médio,Não,4100,0,124,360,,Rural,Sim
LP001910,Masculino,Solteiro,1,Ensino Médio,Sim,4053,2426,158,360,0,Urbano,Não
LP001914,Masculino,Casado,0,Ensino Superior,Não,3927,800,112,360,1,Semiurbano,Sim
LP001915,Masculino,Casado,2,Ensino Superior,Não,2301,9.857.999.878,78,180,1,Urbano,Sim
LP001917,Feminino,Solteiro,0,Ensino Superior,Não,1811,1666,54,360,1,Urbano,Sim
LP001922,Masculino,Casado,0,Ensino Superior,Não,20667,0,,360,1,Rural,Não
LP001924,Masculino,Solteiro,0,Ensino Superior,Não,3158,3053,89,360,1,Rural,Sim
LP001925,Feminino,Solteiro,0,Ensino Superior,Sim,2600,1717,99,300,1,Semiurbano,Não
LP001926,Masculino,Casado,0,Ensino Superior,Não,3704,2000,120,360,1,Rural,Sim
LP001931,Feminino,Solteiro,0,Ensino Superior,Não,4124,0,115,360,1,Semiurbano,Sim
LP001935,Masculino,Solteiro,0,Ensino Superior,Não,9508,0,187,360,1,Rural,Sim
LP001936,Masculino,Casado,0,Ensino Superior,Não,3075,2416,139,360,1,Rural,Sim
LP001938,Masculino,Casado,2,Ensino Superior,Não,4400,0,127,360,0,Semiurbano,Não
LP001940,Masculino,Casado,2,Ensino Superior,Não,3153,1560,134,360,1,Urbano,Sim
LP001945,Feminino,Solteiro,,Ensino Superior,Não,5417,0,143,480,0,Urbano,Não
LP001947,Masculino,Casado,0,Ensino Superior,Não,2383,3334,172,360,1,Semiurbano,Sim
LP001949,Masculino,Casado,3+,Ensino Superior,,4416,1250,110,360,1,Urbano,Sim
LP001953,Masculino,Casado,1,Ensino Superior,Não,6875,0,200,360,1,Semiurbano,Sim
LP001954,Feminino,Casado,1,Ensino Superior,Não,4666,0,135,360,1,Urbano,Sim
LP001955,Feminino,Solteiro,0,Ensino Superior,Não,5000,2541,151,480,1,Rural,Não
LP001963,Masculino,Casado,1,Ensino Superior,Não,2014,2925,113,360,1,Urbano,Não
LP001964,Masculino,Casado,0,Ensino Médio,Não,1800,2934,93,360,0,Urbano,Não
LP001972,Masculino,Casado,,Ensino Médio,Não,2875,1750,105,360,1,Semiurbano,Sim
LP001974,Feminino,Solteiro,0,Ensino Superior,Não,5000,0,132,360,1,Rural,Sim
LP001977,Masculino,Casado,1,Ensino Superior,Não,1625,1803,96,360,1,Urbano,Sim
LP001978,Masculino,Solteiro,0,Ensino Superior,Não,4000,2500,140,360,1,Rural,Sim
LP001990,Masculino,Solteiro,0,Ensino Médio,Não,2000,0,,360,1,Urbano,Não
LP001993,Feminino,Solteiro,0,Ensino Superior,Não,3762,1666,135,360,1,Rural,Sim
LP001994,Feminino,Solteiro,0,Ensino Superior,Não,2400,1863,104,360,0,Urbano,Não
LP001996,Masculino,Solteiro,0,Ensino Superior,Não,20233,0,480,360,1,Rural,Não
LP001998,Masculino,Casado,2,Ensino Médio,Não,7667,0,185,360,,Rural,Sim
LP002002,Feminino,Solteiro,0,Ensino Superior,Não,2917,0,84,360,1,Semiurbano,Sim
LP002004,Masculino,Solteiro,0,Ensino Médio,Não,2927,2405,111,360,1,Semiurbano,Sim
LP002006,Feminino,Solteiro,0,Ensino Superior,Não,2507,0,56,360,1,Rural,Sim
LP002008,Masculino,Casado,2,Ensino Superior,Sim,5746,0,144,84,,Rural,Sim
LP002024,,Casado,0,Ensino Superior,Não,2473,1843,159,360,1,Rural,Não
LP002031,Masculino,Casado,1,Ensino Médio,Não,3399,1640,111,180,1,Urbano,Sim
LP002035,Masculino,Casado,2,Ensino Superior,Não,3717,0,120,360,1,Semiurbano,Sim
LP002036,Masculino,Casado,0,Ensino Superior,Não,2058,2134,88,360,,Urbano,Sim
LP002043,Feminino,Solteiro,1,Ensino Superior,Não,3541,0,112,360,,Semiurbano,Sim
LP002050,Masculino,Casado,1,Ensino Superior,Sim,10000,0,155,360,1,Rural,Não
LP002051,Masculino,Casado,0,Ensino Superior,Não,2400,2167,115,360,1,Semiurbano,Sim
LP002053,Masculino,Casado,3+,Ensino Superior,Não,4342,189,124,360,1,Semiurbano,Sim
LP002054,Masculino,Casado,2,Ensino Médio,Não,3601,1590,,360,1,Rural,Sim
LP002055,Feminino,Solteiro,0,Ensino Superior,Não,3166,2985,132,360,,Rural,Sim
LP002065,Masculino,Casado,3+,Ensino Superior,Não,15000,0,300,360,1,Rural,Sim
LP002067,Masculino,Casado,1,Ensino Superior,Sim,8666,4983,376,360,0,Rural,Não
LP002068,Masculino,Solteiro,0,Ensino Superior,Não,4917,0,130,360,0,Rural,Sim
LP002082,Masculino,Casado,0,Ensino Superior,Sim,5818,2160,184,360,1,Semiurbano,Sim
LP002086,Feminino,Casado,0,Ensino Superior,Não,4333,2451,110,360,1,Urbano,Não
LP002087,Feminino,Solteiro,0,Ensino Superior,Não,2500,0,67,360,1,Urbano,Sim
LP002097,Masculino,Solteiro,1,Ensino Superior,Não,4384,1793,117,360,1,Urbano,Sim
LP002098,Masculino,Solteiro,0,Ensino Superior,Não,2935,0,98,360,1,Semiurbano,Sim
LP002100,Masculino,Solteiro,,Ensino Superior,Não,2833,0,71,360,1,Urbano,Sim
LP002101,Masculino,Casado,0,Ensino Superior,,63337,0,490,180,1,Urbano,Sim
LP002103,,Casado,1,Ensino Superior,Sim,9833,1833,182,180,1,Urbano,Sim
LP002106,Masculino,Casado,,Ensino Superior,Sim,5503,4490,70,,1,Semiurbano,Sim
LP002110,Masculino,Casado,1,Ensino Superior,,5250,688,160,360,1,Rural,Sim
LP002112,Masculino,Casado,2,Ensino Superior,Sim,2500,4600,176,360,1,Rural,Sim
LP002113,Feminino,Solteiro,3+,Ensino Médio,Não,1830,0,,360,0,Urbano,Não
LP002114,Feminino,Solteiro,0,Ensino Superior,Não,4160,0,71,360,1,Semiurbano,Sim
LP002115,Masculino,Casado,3+,Ensino Médio,Não,2647,1587,173,360,1,Rural,Não
LP002116,Feminino,Solteiro,0,Ensino Superior,Não,2378,0,46,360,1,Rural,Não
LP002119,Masculino,Casado,1,Ensino Médio,Não,4554,1229,158,360,1,Urbano,Sim
LP002126,Masculino,Casado,3+,Ensino Médio,Não,3173,0,74,360,1,Semiurbano,Sim
LP002128,Masculino,Casado,2,Ensino Superior,,2583,2330,125,360,1,Rural,Sim
LP002129,Masculino,Casado,0,Ensino Superior,Não,2499,2458,160,360,1,Semiurbano,Sim
LP002130,Masculino,Casado,,Ensino Médio,Não,3523,3230,152,360,0,Rural,Não
LP002131,Masculino,Casado,2,Ensino Médio,Não,3083,2168,126,360,1,Urbano,Sim
LP002137,Masculino,Casado,0,Ensino Superior,Não,6333,4583,259,360,,Semiurbano,Sim
LP002138,Masculino,Casado,0,Ensino Superior,Não,2625,6250,187,360,1,Rural,Sim
LP002139,Masculino,Casado,0,Ensino Superior,Não,9083,0,228,360,1,Semiurbano,Sim
LP002140,Masculino,Solteiro,0,Ensino Superior,Não,8750,4167,308,360,1,Rural,Não
LP002141,Masculino,Casado,3+,Ensino Superior,Não,2666,2083,95,360,1,Rural,Sim
LP002142,Feminino,Casado,0,Ensino Superior,Sim,5500,0,105,360,0,Rural,Não
LP002143,Feminino,Casado,0,Ensino Superior,Não,2423,505,130,360,1,Semiurbano,Sim
LP002144,Feminino,Solteiro,,Ensino Superior,Não,3813,0,116,180,1,Urbano,Sim
LP002149,Masculino,Casado,2,Ensino Superior,Não,8333,3167,165,360,1,Rural,Sim
LP002151,Masculino,Casado,1,Ensino Superior,Não,3875,0,67,360,1,Urbano,Não
LP002158,Masculino,Casado,0,Ensino Médio,Não,3000,1666,100,480,0,Urbano,Não
LP002160,Masculino,Casado,3+,Ensino Superior,Não,5167,3167,200,360,1,Semiurbano,Sim
LP002161,Feminino,Solteiro,1,Ensino Superior,Não,4723,0,81,360,1,Semiurbano,Não
LP002170,Masculino,Casado,2,Ensino Superior,Não,5000,3667,236,360,1,Semiurbano,Sim
LP002175,Masculino,Casado,0,Ensino Superior,Não,4750,2333,130,360,1,Urbano,Sim
LP002178,Masculino,Casado,0,Ensino Superior,Não,3013,3033,95,300,,Urbano,Sim
LP002180,Masculino,Solteiro,0,Ensino Superior,Sim,6822,0,141,360,1,Rural,Sim
LP002181,Masculino,Solteiro,0,Ensino Médio,Não,6216,0,133,360,1,Rural,Não
LP002187,Masculino,Solteiro,0,Ensino Superior,Não,2500,0,96,480,1,Semiurbano,Não
LP002188,Masculino,Solteiro,0,Ensino Superior,Não,5124,0,124,,0,Rural,Não
LP002190,Masculino,Casado,1,Ensino Superior,Não,6325,0,175,360,1,Semiurbano,Sim
LP002191,Masculino,Casado,0,Ensino Superior,Não,19730,5266,570,360,1,Rural,Não
LP002194,Feminino,Solteiro,0,Ensino Superior,Sim,15759,0,55,360,1,Semiurbano,Sim
LP002197,Masculino,Casado,2,Ensino Superior,Não,5185,0,155,360,1,Semiurbano,Sim
LP002201,Masculino,Casado,2,Ensino Superior,Sim,9323,7873,380,300,1,Rural,Sim
LP002205,Masculino,Solteiro,1,Ensino Superior,Não,3062,1987,111,180,0,Urbano,Não
LP002209,Feminino,Solteiro,0,Ensino Superior,,2764,1459,110,360,1,Urbano,Sim
LP002211,Masculino,Casado,0,Ensino Superior,Não,4817,923,120,180,1,Urbano,Sim
LP002219,Masculino,Casado,3+,Ensino Superior,Não,8750,4996,130,360,1,Rural,Sim
LP002223,Masculino,Casado,0,Ensino Superior,Não,4310,0,130,360,,Semiurbano,Sim
LP002224,Masculino,Solteiro,0,Ensino Superior,Não,3069,0,71,480,1,Urbano,Não
LP002225,Masculino,Casado,2,Ensino Superior,Não,5391,0,130,360,1,Urbano,Sim
LP002226,Masculino,Casado,0,Ensino Superior,,3333,2500,128,360,1,Semiurbano,Sim
LP002229,Masculino,Solteiro,0,Ensino Superior,Não,5941,4232,296,360,1,Semiurbano,Sim
LP002231,Feminino,Solteiro,0,Ensino Superior,Não,6000,0,156,360,1,Urbano,Sim
LP002234,Masculino,Solteiro,0,Ensino Superior,Sim,7167,0,128,360,1,Urbano,Sim
LP002236,Masculino,Casado,2,Ensino Superior,Não,4566,0,100,360,1,Urbano,Não
LP002237,Masculino,Solteiro,1,Ensino Superior,,3667,0,113,180,1,Urbano,Sim
LP002239,Masculino,Solteiro,0,Ensino Médio,Não,2346,1600,132,360,1,Semiurbano,Sim
LP002243,Masculino,Casado,0,Ensino Médio,Não,3010,3136,,360,0,Urbano,Não
LP002244,Masculino,Casado,0,Ensino Superior,Não,2333,2417,136,360,1,Urbano,Sim
LP002250,Masculino,Casado,0,Ensino Superior,Não,5488,0,125,360,1,Rural,Sim
LP002255,Masculino,Solteiro,3+,Ensino Superior,Não,9167,0,185,360,1,Rural,Sim
LP002262,Masculino,Casado,3+,Ensino Superior,Não,9504,0,275,360,1,Rural,Sim
LP002263,Masculino,Casado,0,Ensino Superior,Não,2583,2115,120,360,,Urbano,Sim
LP002265,Masculino,Casado,2,Ensino Médio,Não,1993,1625,113,180,1,Semiurbano,Sim
LP002266,Masculino,Casado,2,Ensino Superior,Não,3100,1400,113,360,1,Urbano,Sim
LP002272,Masculino,Casado,2,Ensino Superior,Não,3276,484,135,360,,Semiurbano,Sim
LP002277,Feminino,Solteiro,0,Ensino Superior,Não,3180,0,71,360,0,Urbano,Não
LP002281,Masculino,Casado,0,Ensino Superior,Não,3033,1459,95,360,1,Urbano,Sim
LP002284,Masculino,Solteiro,0,Ensino Médio,Não,3902,1666,109,360,1,Rural,Sim
LP002287,Feminino,Solteiro,0,Ensino Superior,Não,1500,1800,103,360,0,Semiurbano,Não
LP002288,Masculino,Casado,2,Ensino Médio,Não,2889,0,45,180,0,Urbano,Não
LP002296,Masculino,Solteiro,0,Ensino Médio,Não,2755,0,65,300,1,Rural,Não
LP002297,Masculino,Solteiro,0,Ensino Superior,Não,2500,20000,103,360,1,Semiurbano,Sim
LP002300,Feminino,Solteiro,0,Ensino Médio,Não,1963,0,53,360,1,Semiurbano,Sim
LP002301,Feminino,Solteiro,0,Ensino Superior,Sim,7441,0,194,360,1,Rural,Não
LP002305,Feminino,Solteiro,0,Ensino Superior,Não,4547,0,115,360,1,Semiurbano,Sim
LP002308,Masculino,Casado,0,Ensino Médio,Não,2167,2400,115,360,1,Urbano,Sim
LP002314,Feminino,Solteiro,0,Ensino Médio,Não,2213,0,66,360,1,Rural,Sim
LP002315,Masculino,Casado,1,Ensino Superior,Não,8300,0,152,300,0,Semiurbano,Não
LP002317,Masculino,Casado,3+,Ensino Superior,Não,81000,0,360,360,0,Rural,Não
LP002318,Feminino,Solteiro,1,Ensino Médio,Sim,3867,0,62,360,1,Semiurbano,Não
LP002319,Masculino,Casado,0,Ensino Superior,,6256,0,160,360,,Urbano,Sim
LP002328,Masculino,Casado,0,Ensino Médio,Não,6096,0,218,360,0,Rural,Não
LP002332,Masculino,Casado,0,Ensino Médio,Não,2253,2033,110,360,1,Rural,Sim
LP002335,Feminino,Casado,0,Ensino Médio,Não,2149,3237,178,360,0,Semiurbano,Não
LP002337,Feminino,Solteiro,0,Ensino Superior,Não,2995,0,60,360,1,Urbano,Sim
LP002341,Feminino,Solteiro,1,Ensino Superior,Não,2600,0,160,360,1,Urbano,Não
LP002342,Masculino,Casado,2,Ensino Superior,Sim,1600,20000,239,360,1,Urbano,Não
LP002345,Masculino,Casado,0,Ensino Superior,Não,1025,2773,112,360,1,Rural,Sim
LP002347,Masculino,Casado,0,Ensino Superior,Não,3246,1417,138,360,1,Semiurbano,Sim
LP002348,Masculino,Casado,0,Ensino Superior,Não,5829,0,138,360,1,Rural,Sim
LP002357,Feminino,Solteiro,0,Ensino Médio,Não,2720,0,80,,0,Urbano,Não
LP002361,Masculino,Casado,0,Ensino Superior,Não,1820,1719,100,360,1,Urbano,Sim
LP002362,Masculino,Casado,1,Ensino Superior,Não,7250,1667,110,,0,Urbano,Não
LP002364,Masculino,Casado,0,Ensino Superior,Não,14880,0,96,360,1,Semiurbano,Sim
LP002366,Masculino,Casado,0,Ensino Superior,Não,2666,4300,121,360,1,Rural,Sim
LP002367,Feminino,Solteiro,1,Ensino Médio,Não,4606,0,81,360,1,Rural,Não
LP002368,Masculino,Casado,2,Ensino Superior,Não,5935,0,133,360,1,Semiurbano,Sim
LP002369,Masculino,Casado,0,Ensino Superior,Não,2920,1.612.000.084,87,360,1,Rural,Sim
LP002370,Masculino,Solteiro,0,Ensino Médio,Não,2717,0,60,180,1,Urbano,Sim
LP002377,Feminino,Solteiro,1,Ensino Superior,Sim,8624,0,150,360,1,Semiurbano,Sim
LP002379,Masculino,Solteiro,0,Ensino Superior,Não,6500,0,105,360,0,Rural,Não
LP002386,Masculino,Solteiro,0,Ensino Superior,,12876,0,405,360,1,Semiurbano,Sim
LP002387,Masculino,Casado,0,Ensino Superior,Não,2425,2340,143,360,1,Semiurbano,Sim
LP002390,Masculino,Solteiro,0,Ensino Superior,Não,3750,0,100,360,1,Urbano,Sim
LP002393,Feminino,,,Ensino Superior,Não,10047,0,,240,1,Semiurbano,Sim
LP002398,Masculino,Solteiro,0,Ensino Superior,Não,1926,1851,50,360,1,Semiurbano,Sim
LP002401,Masculino,Casado,0,Ensino Superior,Não,2213,1125,,360,1,Urbano,Sim
LP002403,Masculino,Solteiro,0,Ensino Superior,Sim,10416,0,187,360,0,Urbano,Não
LP002407,Feminino,Casado,0,Ensino Médio,Sim,7142,0,138,360,1,Rural,Sim
LP002408,Masculino,Solteiro,0,Ensino Superior,Não,3660,5064,187,360,1,Semiurbano,Sim
LP002409,Masculino,Casado,0,Ensino Superior,Não,7901,1833,180,360,1,Rural,Sim
LP002418,Masculino,Solteiro,3+,Ensino Médio,Não,4707,1993,148,360,1,Semiurbano,Sim
LP002422,Masculino,Solteiro,1,Ensino Superior,Não,37719,0,152,360,1,Semiurbano,Sim
LP002424,Masculino,Casado,0,Ensino Superior,Não,7333,8333,175,300,,Rural,Sim
LP002429,Masculino,Casado,1,Ensino Superior,Sim,3466,1210,130,360,1,Rural,Sim
LP002434,Masculino,Casado,2,Ensino Médio,Não,4652,0,110,360,1,Rural,Sim
LP002435,Masculino,Casado,0,Ensino Superior,,3539,1376,55,360,1,Rural,Não
LP002443,Masculino,Casado,2,Ensino Superior,Não,3340,1710,150,360,0,Rural,Não
LP002444,Masculino,Solteiro,1,Ensino Médio,Sim,2769,1542,190,360,,Semiurbano,Não
LP002446,Masculino,Casado,2,Ensino Médio,Não,2309,1255,125,360,0,Rural,Não
LP002447,Masculino,Casado,2,Ensino Médio,Não,1958,1456,60,300,,Urbano,Sim
LP002448,Masculino,Casado,0,Ensino Superior,Não,3948,1733,149,360,0,Rural,Não
LP002449,Masculino,Casado,0,Ensino Superior,Não,2483,2466,90,180,0,Rural,Sim
LP002453,Masculino,Solteiro,0,Ensino Superior,Sim,7085,0,84,360,1,Semiurbano,Sim
LP002455,Masculino,Casado,2,Ensino Superior,Não,3859,0,96,360,1,Semiurbano,Sim
LP002459,Masculino,Casado,0,Ensino Superior,Não,4301,0,118,360,1,Urbano,Sim
LP002467,Masculino,Casado,0,Ensino Superior,Não,3708,2569,173,360,1,Urbano,Não
LP002472,Masculino,Solteiro,2,Ensino Superior,Não,4354,0,136,360,1,Rural,Sim
LP002473,Masculino,Casado,0,Ensino Superior,Não,8334,0,160,360,1,Semiurbano,Não
LP002478,,Casado,0,Ensino Superior,Sim,2083,4083,160,360,,Semiurbano,Sim
LP002484,Masculino,Casado,3+,Ensino Superior,Não,7740,0,128,180,1,Urbano,Sim
LP002487,Masculino,Casado,0,Ensino Superior,Não,3015,2188,153,360,1,Rural,Sim
LP002489,Feminino,Solteiro,1,Ensino Médio,,5191,0,132,360,1,Semiurbano,Sim
LP002493,Masculino,Solteiro,0,Ensino Superior,Não,4166,0,98,360,0,Semiurbano,Não
LP002494,Masculino,Solteiro,0,Ensino Superior,Não,6000,0,140,360,1,Rural,Sim
LP002500,Masculino,Casado,3+,Ensino Médio,Não,2947,1664,70,180,0,Urbano,Não
LP002501,,Casado,0,Ensino Superior,Não,16692,0,110,360,1,Semiurbano,Sim
LP002502,Feminino,Casado,2,Ensino Médio,,210,2917,98,360,1,Semiurbano,Sim
LP002505,Masculino,Casado,0,Ensino Superior,Não,4333,2451,110,360,1,Urbano,Não
LP002515,Masculino,Casado,1,Ensino Superior,Sim,3450,2079,162,360,1,Semiurbano,Sim
LP002517,Masculino,Casado,1,Ensino Médio,Não,2653,1500,113,180,0,Rural,Não
LP002519,Masculino,Casado,3+,Ensino Superior,Não,4691,0,100,360,1,Semiurbano,Sim
LP002522,Feminino,Solteiro,0,Ensino Superior,Sim,2500,0,93,360,,Urbano,Sim
LP002524,Masculino,Solteiro,2,Ensino Superior,Não,5532,4648,162,360,1,Rural,Sim
LP002527,Masculino,Casado,2,Ensino Superior,Sim,16525,1014,150,360,1,Rural,Sim
LP002529,Masculino,Casado,2,Ensino Superior,Não,6700,1750,230,300,1,Semiurbano,Sim
LP002530,,Casado,2,Ensino Superior,Não,2873,1872,132,360,0,Semiurbano,Não
LP002531,Masculino,Casado,1,Ensino Superior,Sim,16667,2250,86,360,1,Semiurbano,Sim
LP002533,Masculino,Casado,2,Ensino Superior,Não,2947,1603,,360,1,Urbano,Não
LP002534,Feminino,Solteiro,0,Ensino Médio,Não,4350,0,154,360,1,Rural,Sim
LP002536,Masculino,Casado,3+,Ensino Médio,Não,3095,0,113,360,1,Rural,Sim
LP002537,Masculino,Casado,0,Ensino Superior,Não,2083,3150,128,360,1,Semiurbano,Sim
LP002541,Masculino,Casado,0,Ensino Superior,Não,10833,0,234,360,1,Semiurbano,Sim
LP002543,Masculino,Casado,2,Ensino Superior,Não,8333,0,246,360,1,Semiurbano,Sim
LP002544,Masculino,Casado,1,Ensino Médio,Não,1958,2436,131,360,1,Rural,Sim
LP002545,Masculino,Solteiro,2,Ensino Superior,Não,3547,0,80,360,0,Rural,Não
LP002547,Masculino,Casado,1,Ensino Superior,Não,18333,0,500,360,1,Urbano,Não
LP002555,Masculino,Casado,2,Ensino Superior,Sim,4583,2083,160,360,1,Semiurbano,Sim
LP002556,Masculino,Solteiro,0,Ensino Superior,Não,2435,0,75,360,1,Urbano,Não
LP002560,Masculino,Solteiro,0,Ensino Médio,Não,2699,2785,96,360,,Semiurbano,Sim
LP002562,Masculino,Casado,1,Ensino Médio,Não,5333,1131,186,360,,Urbano,Sim
LP002571,Masculino,Solteiro,0,Ensino Médio,Não,3691,0,110,360,1,Rural,Sim
LP002582,Feminino,Solteiro,0,Ensino Médio,Sim,17263,0,225,360,1,Semiurbano,Sim
LP002585,Masculino,Casado,0,Ensino Superior,Não,3597,2157,119,360,0,Rural,Não
LP002586,Feminino,Casado,1,Ensino Superior,Não,3326,913,105,84,1,Semiurbano,Sim
LP002587,Masculino,Casado,0,Ensino Médio,Não,2600,1700,107,360,1,Rural,Sim
LP002588,Masculino,Casado,0,Ensino Superior,Não,4625,2857,111,12,,Urbano,Sim
LP002600,Masculino,Casado,1,Ensino Superior,Sim,2895,0,95,360,1,Semiurbano,Sim
LP002602,Masculino,Solteiro,0,Ensino Superior,Não,6283,4416,209,360,0,Rural,Não
LP002603,Feminino,Solteiro,0,Ensino Superior,Não,645,3683,113,480,1,Rural,Sim
LP002606,Feminino,Solteiro,0,Ensino Superior,Não,3159,0,100,360,1,Semiurbano,Sim
LP002615,Masculino,Casado,2,Ensino Superior,Não,4865,5624,208,360,1,Semiurbano,Sim
LP002618,Masculino,Casado,1,Ensino Médio,Não,4050,5302,138,360,,Rural,Não
LP002619,Masculino,Casado,0,Ensino Médio,Não,3814,1483,124,300,1,Semiurbano,Sim
LP002622,Masculino,Casado,2,Ensino Superior,Não,3510,4416,243,360,1,Rural,Sim
LP002624,Masculino,Casado,0,Ensino Superior,Não,20833,6667,480,360,,Urbano,Sim
LP002625,,Solteiro,0,Ensino Superior,Não,3583,0,96,360,1,Urbano,Não
LP002626,Masculino,Casado,0,Ensino Superior,Sim,2479,3013,188,360,1,Urbano,Sim
LP002634,Feminino,Solteiro,1,Ensino Superior,Não,13262,0,40,360,1,Urbano,Sim
LP002637,Masculino,Solteiro,0,Ensino Médio,Não,3598,1287,100,360,1,Rural,Não
LP002640,Masculino,Casado,1,Ensino Superior,Não,6065,2004,250,360,1,Semiurbano,Sim
LP002643,Masculino,Casado,2,Ensino Superior,Não,3283,2035,148,360,1,Urbano,Sim
LP002648,Masculino,Casado,0,Ensino Superior,Não,2130,6666,70,180,1,Semiurbano,Não
LP002652,Masculino,Solteiro,0,Ensino Superior,Não,5815,3666,311,360,1,Rural,Não
LP002659,Masculino,Casado,3+,Ensino Superior,Não,3466,3428,150,360,1,Rural,Sim
LP002670,Feminino,Casado,2,Ensino Superior,Não,2031,1632,113,480,1,Semiurbano,Sim
LP002682,Masculino,Casado,,Ensino Médio,Não,3074,1800,123,360,0,Semiurbano,Não
LP002683,Masculino,Solteiro,0,Ensino Superior,Não,4683,1915,185,360,1,Semiurbano,Não
LP002684,Feminino,Solteiro,0,Ensino Médio,Não,3400,0,95,360,1,Rural,Não
LP002689,Masculino,Casado,2,Ensino Médio,Não,2192,1742,45,360,1,Semiurbano,Sim
LP002690,Masculino,Solteiro,0,Ensino Superior,Não,2500,0,55,360,1,Semiurbano,Sim
LP002692,Masculino,Casado,3+,Ensino Superior,Sim,5677,1424,100,360,1,Rural,Sim
LP002693,Masculino,Casado,2,Ensino Superior,Sim,7948,7166,480,360,1,Rural,Sim
LP002697,Masculino,Solteiro,0,Ensino Superior,Não,4680,2087,,360,1,Semiurbano,Não
LP002699,Masculino,Casado,2,Ensino Superior,Sim,17500,0,400,360,1,Rural,Sim
LP002705,Masculino,Casado,0,Ensino Superior,Não,3775,0,110,360,1,Semiurbano,Sim
LP002706,Masculino,Casado,1,Ensino Médio,Não,5285,1430,161,360,0,Semiurbano,Sim
LP002714,Masculino,Solteiro,1,Ensino Médio,Não,2679,1302,94,360,1,Semiurbano,Sim
LP002716,Masculino,Solteiro,0,Ensino Médio,Não,6783,0,130,360,1,Semiurbano,Sim
LP002717,Masculino,Casado,0,Ensino Superior,Não,1025,5500,216,360,,Rural,Sim
LP002720,Masculino,Casado,3+,Ensino Superior,Não,4281,0,100,360,1,Urbano,Sim
LP002723,Masculino,Solteiro,2,Ensino Superior,Não,3588,0,110,360,0,Rural,Não
LP002729,Masculino,Solteiro,1,Ensino Superior,Não,11250,0,196,360,,Semiurbano,Não
LP002731,Feminino,Solteiro,0,Ensino Médio,Sim,18165,0,125,360,1,Urbano,Sim
LP002732,Masculino,Solteiro,0,Ensino Médio,,2550,2042,126,360,1,Rural,Sim
LP002734,Masculino,Casado,0,Ensino Superior,Não,6133,3906,324,360,1,Urbano,Sim
LP002738,Masculino,Solteiro,2,Ensino Superior,Não,3617,0,107,360,1,Semiurbano,Sim
LP002739,Masculino,Casado,0,Ensino Médio,Não,2917,536,66,360,1,Rural,Não
LP002740,Masculino,Casado,3+,Ensino Superior,Não,6417,0,157,180,1,Rural,Sim
LP002741,Feminino,Casado,1,Ensino Superior,Não,4608,2845,140,180,1,Semiurbano,Sim
LP002743,Feminino,Solteiro,0,Ensino Superior,Não,2138,0,99,360,0,Semiurbano,Não
LP002753,Feminino,Solteiro,1,Ensino Superior,,3652,0,95,360,1,Semiurbano,Sim
LP002755,Masculino,Casado,1,Ensino Médio,Não,2239,2524,128,360,1,Urbano,Sim
LP002757,Feminino,Casado,0,Ensino Médio,Não,3017,663,102,360,,Semiurbano,Sim
LP002767,Masculino,Casado,0,Ensino Superior,Não,2768,1950,155,360,1,Rural,Sim
LP002768,Masculino,Solteiro,0,Ensino Médio,Não,3358,0,80,36,1,Semiurbano,Não
LP002772,Masculino,Solteiro,0,Ensino Superior,Não,2526,1783,145,360,1,Rural,Sim
LP002776,Feminino,Solteiro,0,Ensino Superior,Não,5000,0,103,360,0,Semiurbano,Não
LP002777,Masculino,Casado,0,Ensino Superior,Não,2785,2016,110,360,1,Rural,Sim
LP002778,Masculino,Casado,2,Ensino Superior,Sim,6633,0,,360,0,Rural,Não
LP002784,Masculino,Casado,1,Ensino Médio,Não,2492,2375,,360,1,Rural,Sim
LP002785,Masculino,Casado,1,Ensino Superior,Não,3333,3250,158,360,1,Urbano,Sim
LP002788,Masculino,Casado,0,Ensino Médio,Não,2454,2333,181,360,0,Urbano,Não
LP002789,Masculino,Casado,0,Ensino Superior,Não,3593,4266,132,180,0,Rural,Não
LP002792,Masculino,Casado,1,Ensino Superior,Não,5468,1032,26,360,1,Semiurbano,Sim
LP002794,Feminino,Solteiro,0,Ensino Superior,Não,2667,1625,84,360,,Urbano,Sim
LP002795,Masculino,Casado,3+,Ensino Superior,Sim,10139,0,260,360,1,Semiurbano,Sim
LP002798,Masculino,Casado,0,Ensino Superior,Não,3887,2669,162,360,1,Semiurbano,Sim
LP002804,Feminino,Casado,0,Ensino Superior,Não,4180,2306,182,360,1,Semiurbano,Sim
LP002807,Masculino,Casado,2,Ensino Médio,Não,3675,242,108,360,1,Semiurbano,Sim
LP002813,Feminino,Casado,1,Ensino Superior,Sim,19484,0,600,360,1,Semiurbano,Sim
LP002820,Masculino,Casado,0,Ensino Superior,Não,5923,2054,211,360,1,Rural,Sim
LP002821,Masculino,Solteiro,0,Ensino Médio,Sim,5800,0,132,360,1,Semiurbano,Sim
LP002832,Masculino,Casado,2,Ensino Superior,Não,8799,0,258,360,0,Urbano,Não
LP002833,Masculino,Casado,0,Ensino Médio,Não,4467,0,120,360,,Rural,Sim
LP002836,Masculino,Solteiro,0,Ensino Superior,Não,3333,0,70,360,1,Urbano,Sim
LP002837,Masculino,Casado,3+,Ensino Superior,Não,3400,2500,123,360,0,Rural,Não
LP002840,Feminino,Solteiro,0,Ensino Superior,Não,2378,0,9,360,1,Urbano,Não
LP002841,Masculino,Casado,0,Ensino Superior,Não,3166,2064,104,360,0,Urbano,Não
LP002842,Masculino,Casado,1,Ensino Superior,Não,3417,1750,186,360,1,Urbano,Sim
LP002847,Masculino,Casado,,Ensino Superior,Não,5116,1451,165,360,0,Urbano,Não
LP002855,Masculino,Casado,2,Ensino Superior,Não,16666,0,275,360,1,Urbano,Sim
LP002862,Masculino,Casado,2,Ensino Médio,Não,6125,1625,187,480,1,Semiurbano,Não
LP002863,Masculino,Casado,3+,Ensino Superior,Não,6406,0,150,360,1,Semiurbano,Não
LP002868,Masculino,Casado,2,Ensino Superior,Não,3159,461,108,84,1,Urbano,Sim
LP002872,,Casado,0,Ensino Superior,Não,3087,2210,136,360,0,Semiurbano,Não
LP002874,Masculino,Solteiro,0,Ensino Superior,Não,3229,2739,110,360,1,Urbano,Sim
LP002877,Masculino,Casado,1,Ensino Superior,Não,1782,2232,107,360,1,Rural,Sim
LP002888,Masculino,Solteiro,0,Ensino Superior,,3182,2917,161,360,1,Urbano,Sim
LP002892,Masculino,Casado,2,Ensino Superior,Não,6540,0,205,360,1,Semiurbano,Sim
LP002893,Masculino,Solteiro,0,Ensino Superior,Não,1836,33837,90,360,1,Urbano,Não
LP002894,Feminino,Casado,0,Ensino Superior,Não,3166,0,36,360,1,Semiurbano,Sim
LP002898,Masculino,Casado,1,Ensino Superior,Não,1880,0,61,360,,Rural,Não
LP002911,Masculino,Casado,1,Ensino Superior,Não,2787,1917,146,360,0,Rural,Não
LP002912,Masculino,Casado,1,Ensino Superior,Não,4283,3000,172,84,1,Rural,Não
LP002916,Masculino,Casado,0,Ensino Superior,Não,2297,1522,104,360,1,Urbano,Sim
LP002917,Feminino,Solteiro,0,Ensino Médio,Não,2165,0,70,360,1,Semiurbano,Sim
LP002925,,Solteiro,0,Ensino Superior,Não,4750,0,94,360,1,Semiurbano,Sim
LP002926,Masculino,Casado,2,Ensino Superior,Sim,2726,0,106,360,0,Semiurbano,Não
LP002928,Masculino,Casado,0,Ensino Superior,Não,3000,3416,56,180,1,Semiurbano,Sim
LP002931,Masculino,Casado,2,Ensino Superior,Sim,6000,0,205,240,1,Semiurbano,Não
LP002933,,Solteiro,3+,Ensino Superior,Sim,9357,0,292,360,1,Semiurbano,Sim
LP002936,Masculino,Casado,0,Ensino Superior,Não,3859,3300,142,180,1,Rural,Sim
LP002938,Masculino,Casado,0,Ensino Superior,Sim,16120,0,260,360,1,Urbano,Sim
LP002940,Masculino,Solteiro,0,Ensino Médio,Não,3833,0,110,360,1,Rural,Sim
LP002941,Masculino,Casado,2,Ensino Médio,Sim,6383,1000,187,360,1,Rural,Não
LP002943,Masculino,Solteiro,,Ensino Superior,Não,2987,0,88,360,0,Semiurbano,Não
LP002945,Masculino,Casado,0,Ensino Superior,Sim,9963,0,180,360,1,Rural,Sim
LP002948,Masculino,Casado,2,Ensino Superior,Não,5780,0,192,360,1,Urbano,Sim
LP002949,Feminino,Solteiro,3+,Ensino Superior,,416,41667,350,180,,Urbano,Não
LP002950,Masculino,Casado,0,Ensino Médio,,2894,2792,155,360,1,Rural,Sim
LP002953,Masculino,Casado,3+,Ensino Superior,Não,5703,0,128,360,1,Urbano,Sim
LP002958,Masculino,Solteiro,0,Ensino Superior,Não,3676,4301,172,360,1,Rural,Sim
LP002959,Feminino,Casado,1,Ensino Superior,Não,12000,0,496,360,1,Semiurbano,Sim
LP002960,Masculino,Casado,0,Ensino Médio,Não,2400,3800,,180,1,Urbano,Não
LP002961,Masculino,Casado,1,Ensino Superior,Não,3400,2500,173,360,1,Semiurbano,Sim
LP002964,Masculino,Casado,2,Ensino Médio,Não,3987,1411,157,360,1,Rural,Sim
LP002974,Masculino,Casado,0,Ensino Superior,Não,3232,1950,108,360,1,Rural,Sim
LP002978,Feminino,Solteiro,0,Ensino Superior,Não,2900,0,71,360,1,Rural,Sim
LP002979,Masculino,Casado,3+,Ensino Superior,Não,4106,0,40,180,1,Rural,Sim
LP002983,Masculino,Casado,1,Ensino Superior,Não,8072,240,253,360,1,Urbano,Sim
LP002984,Masculino,Casado,2,Ensino Superior,Não,7583,0,187,360,1,Urbano,Sim
LP002990,Feminino,Solteiro,0,Ensino Superior,Sim,4583,0,133,360,0,Semiurbano,Não